module,n_emulators,n_frames,time,effective_fps
mp,1,1800,0.0332356190001519,54158.762621264
mp,1,1800,0.023885693000011,75358.91883058049
mp,1,1800,0.0229670870003246,78373.02135767386
mp,1,1800,0.0204254569998738,88125.32321852658
mp,1,1800,0.0207411169999431,86784.13992867069
mp,2,1800,0.0231295059998046,155645.34755002553
mp,2,1800,0.022528938999585,159794.47589903377
mp,2,1800,0.0239611269998931,150243.3504073515
mp,2,1800,0.0244282759999805,147370.20328421323
mp,2,1800,0.0244619800000691,147167.15490691358
mp,4,1800,0.0304209849996368,236678.7268750814
mp,4,1800,0.029989568000019,240083.48503037533
mp,4,1800,0.0289307970001573,248869.74250867844
mp,4,1800,0.0285893370000849,251842.1466009727
mp,4,1800,0.0280162120002387,256994.0575813264
mp,8,1800,0.0423882380000577,339716.8808946572
mp,8,1800,0.0444183399999928,324190.4132392679
mp,8,1800,0.0456121450001774,315705.3894295914
mp,8,1800,0.0418310410000231,344241.97093235253
mp,8,1800,0.0406726760002129,354046.0430959744
mp,16,1800,0.0688829390001046,418100.6272098268
mp,16,1800,0.0650213320000148,442931.5597532428
mp,16,1800,0.0774764029997641,371726.08542613534
mp,16,1800,0.0719877229998928,400068.21718812885
mp,16,1800,0.068984286000159,417486.3823325445
mp,32,1800,0.2305285620000177,249860.5790982012
mp,32,1800,0.1278602919996956,450491.6976111483
mp,32,1800,0.1151018479999947,500426.37021781446
mp,32,1800,0.1273923870003273,452146.32802077895
mp,32,1800,0.1470263040000645,391766.6324522087
vec,1,1800,1.6814950170000884,1070.475964425594
vec,1,1800,1.6469905760000074,1092.9024283621595
vec,1,1800,1.6421541659997274,1096.1212030322242
vec,1,1800,1.6327616749999834,1102.4266600329277
vec,1,1800,1.6354919919999702,1100.5862509903582
vec,2,1800,1.924824974999865,1870.2999216852184
vec,2,1800,1.902989213999717,1891.760590924997
vec,2,1800,1.8752291109999533,1919.7654190000944
vec,2,1800,1.8858711600000788,1908.932103293764
vec,2,1800,1.881277903999944,1913.5928787266007
vec,4,1800,2.305789920999814,3122.574148853078
vec,4,1800,2.2922755170002347,3140.983684815608
vec,4,1800,2.2867882649998137,3148.52061740862
vec,4,1800,2.2937568719999035,3138.955173449744
vec,4,1800,2.326956182000231,3094.170855340707
vec,8,1800,2.760770323999622,5215.9355216258
vec,8,1800,2.7444988689999263,5246.859513280559
vec,8,1800,2.712694031999945,5308.376038776309
vec,8,1800,2.739288244999898,5256.839993485438
vec,8,1800,2.7496290789999875,5237.070014271574
vec,16,1800,3.2692961710004056,8809.235533771536
vec,16,1800,3.276575102000152,8789.665764846755
vec,16,1800,3.3039941179999914,8716.722539879556
vec,16,1800,3.261138112000026,8831.272706305966
vec,16,1800,3.2131687950000014,8963.114556824888
vec,32,1800,3.503784581000218,16439.366824189015
vec,32,1800,3.514691558000777,16388.351310339156
vec,32,1800,3.517953065999791,16373.157605964328
vec,32,1800,3.5229139189996204,16350.101457022349
vec,32,1800,3.526438228000188,16333.761227589814
vec,64,1800,3.923136665000129,29364.2587136322
vec,64,1800,3.942328367999835,29221.310161549896
vec,64,1800,3.949052552000466,29171.554058363512
vec,64,1800,3.901804179999999,29524.803061746687
vec,64,1800,3.8444616690003386,29965.183663791096
vec,128,1800,4.09943976500017,56202.80165282303
vec,128,1800,4.145612358000108,55576.83162425434
vec,128,1800,4.1596616119995815,55389.12091679615
vec,128,1800,4.07972705300017,56474.36630118854
vec,128,1800,4.111222765999628,56041.72118948148
vec,256,1800,4.516654087999996,102022.42434820712
vec,256,1800,4.502009081000324,102354.30264783309
vec,256,1800,4.559441741999763,101065.0044621239
vec,256,1800,4.561922371000037,101010.04851140994
vec,256,1800,4.578218590999313,100650.5021201748
vec,512,1800,5.471194144000037,168445.85948584348
vec,512,1800,5.438417095999284,169461.07364180757
vec,512,1800,5.46726491499976,168566.9186198636
vec,512,1800,5.458289535999938,168844.10288637542
vec,512,1800,5.37051173799955,171603.75862864882
vec,1024,1800,6.745067969000047,273266.33452342416
vec,1024,1800,6.972572568999567,264350.0633030291
vec,1024,1800,7.0064943379993565,263070.2190114536
vec,1024,1800,7.029416182999739,262212.38748925965
vec,1024,1800,6.978858974999639,264111.942454045
vec,2048,1800,9.58613069399962,384555.5748898228
vec,2048,1800,9.524600763000308,387039.8446851815
vec,2048,1800,9.499810114000866,388049.86160375626
vec,2048,1800,9.611074697000731,383557.5225682506
vec,2048,1800,9.431119123000826,390876.1995179898
vec,4096,1800,14.392717605999678,512259.0605770387
vec,4096,1800,14.598053330999392,505053.6419361919
vec,4096,1800,14.647440423999797,503350.7416025864
vec,4096,1800,14.509293006000007,508143.2980194925
vec,4096,1800,14.603961908999736,504849.3036301669
vec,8192,1800,25.3592211640007,581468.9617097734
vec,8192,1800,25.46119603900024,579140.1149189298
vec,8192,1800,25.32408059499994,582275.8281266651
vec,8192,1800,25.355185008000262,581561.5226371788
vec,8192,1800,25.1748076089998,585728.408694117
vec,16384,1800,50.51247698899988,583839.9096211875
vec,16384,1800,49.62630716300009,594265.4548752676
vec,16384,1800,50.24312351900062,586969.8763622291
vec,16384,1800,50.61650403799922,582640.0017247365
vec,16384,1800,50.98879635600042,578385.8829318971
vec,32768,1800,101.88465924199954,578913.4540844192
vec,32768,1800,101.49257634599962,581149.8941451871
vec,32768,1800,102.02627842699984,578109.8841334501
vec,32768,1800,102.58697479700004,574950.1836535765
vec,32768,1800,103.7551196860004,568477.0079635738
vec2,1,1800,1.3645324600001911,1319.1331483603897
vec2,1,1800,1.3774008210002648,1306.809152830942
vec2,1,1800,1.3653284089996305,1318.3641299303597
vec2,1,1800,1.3640019180002128,1319.6462382098491
vec2,1,1800,1.3853350039998986,1299.3247083216932
vec2,2,1800,1.6865567710001417,2134.5264279868693
vec2,2,1800,1.6900878520000333,2130.066786611001
vec2,2,1800,1.6897336399997585,2130.5133038604326
vec2,2,1800,1.6881627909997403,2132.495763556107
vec2,2,1800,1.6809208869999566,2141.6831855930723
vec2,4,1800,2.168011617999582,3321.0154134890745
vec2,4,1800,2.12549333700008,3387.4488687704265
vec2,4,1800,2.127774502000648,3383.817219931047
vec2,4,1800,2.141745580999668,3361.743833569332
vec2,4,1800,2.158810902999903,3335.1693703208625
vec2,8,1800,2.611274324000078,5514.548918759854
vec2,8,1800,2.592565337999986,5554.344104248793
vec2,8,1800,2.595108434999929,5548.901080890823
vec2,8,1800,2.586693851999371,5566.951801764093
vec2,8,1800,2.667361443000118,5398.593444390342
vec2,16,1800,3.252305026999238,8855.257966554422
vec2,16,1800,3.2532410129997515,8852.710231094765
vec2,16,1800,3.2517205899994224,8856.849536388092
vec2,16,1800,3.2666345229999934,8816.413283219335
vec2,16,1800,3.2740607120003915,8796.415990222651
vec2,32,1800,3.559198822999861,16183.41735442922
vec2,32,1800,3.583944977000101,16071.675310208975
vec2,32,1800,3.576120102999994,16106.841588368236
vec2,32,1800,3.5645329460003268,16159.199780894582
vec2,32,1800,3.5739997379996566,16116.397376189603
vec2,64,1800,3.987908786000844,28887.320694093632
vec2,64,1800,3.98788102799972,28887.521766862523
vec2,64,1800,3.9906652480003686,28867.36742895789
vec2,64,1800,4.017345450999528,28675.65197096453
vec2,64,1800,3.9953719429995536,28833.360609103333
vec2,128,1800,4.506510035999781,51126.03725709559
vec2,128,1800,4.56761012700008,50442.13354332901
vec2,128,1800,4.528304909000326,50879.966042495
vec2,128,1800,4.508320214000378,51105.50916159495
vec2,128,1800,4.42981598500046,52011.18980565873
vec2,256,1800,5.090742092000255,90517.254984124
vec2,256,1800,5.223811728000328,88211.44864966141
vec2,256,1800,5.164201208000122,89229.67588601151
vec2,256,1800,5.163266227000349,89245.8338852123
vec2,256,1800,5.158134219999738,89334.62766698292
vec2,512,1800,6.435789783000473,143199.20803415903
vec2,512,1800,6.420154608000303,143547.94491266191
vec2,512,1800,6.506176044999847,141650.0250878197
vec2,512,1800,6.563210363000508,140419.0859393194
vec2,512,1800,6.461557681000159,142628.1471896339
vec2,1024,1800,8.169803923000472,225611.2897410957
vec2,1024,1800,8.18339916000059,225236.47740529708
vec2,1024,1800,8.115794935999475,227112.68760920296
vec2,1024,1800,8.190490032000525,225041.48015546743
vec2,1024,1800,8.34760526899936,220805.8407894684
vec2,2048,1800,11.967125234999912,308043.90591806377
vec2,2048,1800,11.967595432999588,308031.8031001514
vec2,2048,1800,12.116232018999654,304253.0049126905
vec2,2048,1800,12.072190249999949,305362.980839373
vec2,2048,1800,12.1068460839997,304488.87963248446
vec2,4096,1800,16.732303406999563,440632.6983597347
vec2,4096,1800,16.42567042599967,448858.3910906815
vec2,4096,1800,16.60184345700054,444095.2608122017
vec2,4096,1800,16.513630945999466,446467.5288014783
vec2,4096,1800,16.521586987000774,446252.5304500674
vec2,8192,1800,29.55279450600028,498957.89032763423
vec2,8192,1800,29.494842355999936,499938.25435722
vec2,8192,1800,29.91022708999936,492995.2539521264
vec2,8192,1800,29.794180891,494915.43512962427
vec2,8192,1800,29.88923646800049,493341.4748077184
vec2,16384,1800,58.46400045599967,504433.49360253307
vec2,16384,1800,58.96704482600035,500130.20131876174
vec2,16384,1800,59.437488764999216,496171.7026202224
vec2,16384,1800,58.09477088699987,507639.4923282051
vec2,16384,1800,57.55748028800008,512378.2322025743
vec2,32768,1800,118.69605619899994,496919.6272293413
vec2,32768,1800,122.10087630100044,483062.8721664361
vec2,32768,1800,124.6934359099996,473019.2858152688
vec2,32768,1800,121.75359325999943,484440.7332935602
vec2,32768,1800,120.21633214200028,490635.4980979591
pytorch_cpu,1,1800,6.327363807000438,284.4786636116173
pytorch_cpu,1,1800,6.361462331999974,282.95380936950386
pytorch_cpu,1,1800,6.398904994000077,281.2981286154064
pytorch_cpu,1,1800,6.324833118999777,284.59248902438327
pytorch_cpu,1,1800,6.306738774999758,285.4089988847
pytorch_cpu,2,1800,7.889830864000032,456.283545497305
pytorch_cpu,2,1800,7.917179172000033,454.7074054774196
pytorch_cpu,2,1800,7.899966676999611,455.6981247125047
pytorch_cpu,2,1800,7.749587428000268,464.5408589098216
pytorch_cpu,2,1800,7.742130872999951,464.9882647366122
pytorch_cpu,4,1800,9.417779243999576,764.5114430333874
pytorch_cpu,4,1800,9.385672516999875,767.1267015718844
pytorch_cpu,4,1800,9.571849337999993,752.205738489446
pytorch_cpu,4,1800,9.602952050999193,749.7694419135245
pytorch_cpu,4,1800,9.57528149599966,751.9361183280093
pytorch_cpu,8,1800,12.20299273299952,1180.0383983724994
pytorch_cpu,8,1800,12.325647857999684,1168.295587047297
pytorch_cpu,8,1800,12.23389709300045,1177.057473226489
pytorch_cpu,8,1800,12.218854307000584,1178.5065635613453
pytorch_cpu,8,1800,12.283723099999406,1172.2830189814924
pytorch_cpu,16,1800,14.255852660000528,2020.2228998064668
pytorch_cpu,16,1800,14.13923423899996,2036.885414951366
pytorch_cpu,16,1800,14.442951496000203,1994.0522550377464
pytorch_cpu,16,1800,14.17231941099999,2032.1303214240704
pytorch_cpu,16,1800,14.20862174100057,2026.9383283597715
pytorch_cpu,32,1800,20.7605916600005,2774.4874010974413
pytorch_cpu,32,1800,19.91918960699968,2891.683905642384
pytorch_cpu,32,1800,19.906113869000365,2893.5833673542897
pytorch_cpu,32,1800,18.743816305999644,3073.0134706646168
pytorch_cpu,32,1800,18.92476411700045,3043.6310668864244
pytorch_cpu,64,1800,21.38420292399951,5387.154265671083
pytorch_cpu,64,1800,20.724358802000097,5558.676198410641
pytorch_cpu,64,1800,20.61437857000056,5588.3324160761695
pytorch_cpu,64,1800,21.05327453799964,5471.832887186852
pytorch_cpu,64,1800,20.5678186490004,5600.982873582403
pytorch_cpu,128,1800,22.600284535000355,10194.561915500964
pytorch_cpu,128,1800,22.11486014000002,10418.334031571218
pytorch_cpu,128,1800,22.001690054999926,10471.922812476903
pytorch_cpu,128,1800,22.602421079000123,10193.598251917549
pytorch_cpu,128,1800,21.073588492000454,10933.116592243412
pytorch_cpu,256,1800,23.702178307000395,19441.251096482705
pytorch_cpu,256,1800,23.204576424999686,19858.151752494497
pytorch_cpu,256,1800,22.99037245999989,20043.172454110045
pytorch_cpu,256,1800,23.338474852999752,19744.22077288277
pytorch_cpu,256,1800,22.70849713499956,20291.96372003809
pytorch_cpu,512,1800,24.89076127199951,37025.78599059324
pytorch_cpu,512,1800,25.31105042799936,36410.974037668384
pytorch_cpu,512,1800,25.015171941999142,36841.64163000146
pytorch_cpu,512,1800,24.74271046099966,37247.33397550194
pytorch_cpu,512,1800,24.87484266299998,37049.480573030174
pytorch_cpu,1024,1800,28.522648441000456,64622.32999900721
pytorch_cpu,1024,1800,28.647522023999954,64340.643440498185
pytorch_cpu,1024,1800,28.333251379000103,65054.30581702083
pytorch_cpu,1024,1800,28.373691236999548,64961.58658399901
pytorch_cpu,1024,1800,28.15652117100035,65462.63257473702
pytorch_cpu,2048,1800,32.876913489999424,112127.31393174538
pytorch_cpu,2048,1800,34.58987444000013,106574.54124022504
pytorch_cpu,2048,1800,33.538534680999874,109915.35662076512
pytorch_cpu,2048,1800,33.1482672760003,111209.43273765002
pytorch_cpu,2048,1800,32.97092329100087,111807.60597645048
pytorch_cpu,4096,1800,47.81614814299974,154190.58804048345
pytorch_cpu,4096,1800,48.7955784859987,151095.65720417752
pytorch_cpu,4096,1800,48.28610795500026,152689.8793928681
pytorch_cpu,4096,1800,47.01829443399947,156807.0490168321
pytorch_cpu,4096,1800,48.256988174998696,152782.01725444087
pytorch_cpu,8192,1800,109.54095716199843,134612.6634459927
pytorch_cpu,8192,1800,111.43051363800078,132330.00116918923
pytorch_cpu,8192,1800,108.218842495,136257.2326596571
pytorch_cpu,8192,1800,109.83431367000048,134253.1264346356
pytorch_cpu,8192,1800,111.67160094899918,132044.31453198532
pytorch_gpu,1,1800,69.81642679799916,25.781898079773764
pytorch_gpu,1,1800,69.76483466799982,25.800964175804683
pytorch_gpu,1,1800,75.21694363499955,23.93077826632713
pytorch_gpu,1,1800,78.79725799900007,22.84343447614436
pytorch_gpu,1,1800,80.27790937999998,22.42210857135802
pytorch_gpu,2,1800,73.75102024800071,48.81288405088323
pytorch_gpu,2,1800,74.06481667500157,48.60607453869626
pytorch_gpu,2,1800,74.00590427799943,48.64476740229782
pytorch_gpu,2,1800,74.96603195499847,48.02174939926195
pytorch_gpu,2,1800,75.46629445799954,47.70341548972655
pytorch_gpu,4,1800,87.60755654999957,82.18469140719387
pytorch_gpu,4,1800,85.70524452099926,84.0088613041163
pytorch_gpu,4,1800,85.39050209199922,84.31851111781451
pytorch_gpu,4,1800,85.0125341490002,84.69339341632455
pytorch_gpu,4,1800,86.68959332200029,83.054951858596
pytorch_gpu,8,1800,102.60180015699916,140.3484147253305
pytorch_gpu,8,1800,100.92993523899897,142.67323134510335
pytorch_gpu,8,1800,99.2726377759991,145.05507582555092
pytorch_gpu,8,1800,100.00928115199896,143.98663638141926
pytorch_gpu,8,1800,100.86025403299936,142.77179983394274
pytorch_gpu,16,1800,118.28645679300098,243.4767325087727
pytorch_gpu,16,1800,116.93486119499904,246.2909666602631
pytorch_gpu,16,1800,115.59642537400032,249.1426521782189
pytorch_gpu,16,1800,116.52330885599986,247.16084947082305
pytorch_gpu,16,1800,117.28263227199932,245.56065499286944
pytorch_gpu,32,1800,125.65821238699937,458.3862758018935
pytorch_gpu,32,1800,123.53490091799904,466.2649953330531
pytorch_gpu,32,1800,125.46413373900032,459.0953468807567
pytorch_gpu,32,1800,127.88582610699996,450.4017509478105
pytorch_gpu,32,1800,125.74490057500044,458.07026556631246
pytorch_gpu,64,1800,130.27664683000148,884.2720687332776
pytorch_gpu,64,1800,133.35874929200145,863.8353359760358
pytorch_gpu,64,1800,132.88771373300006,866.8972982066764
pytorch_gpu,64,1800,131.13095844200143,878.5110805924018
pytorch_gpu,64,1800,130.29559357700057,884.1434835777502
pytorch_gpu,128,1800,138.23025245399913,1666.784194557364
pytorch_gpu,128,1800,134.7363614450005,1710.0061002764237
pytorch_gpu,128,1800,131.70152969799892,1749.4102044852764
pytorch_gpu,128,1800,133.38193293900076,1727.3703786056865
pytorch_gpu,128,1800,137.49292943199907,1675.7225331645195
pytorch_gpu,256,1800,136.38649651899868,3378.6336020136014
pytorch_gpu,256,1800,132.4446861969991,3479.18828026519
pytorch_gpu,256,1800,137.48924636599986,3351.534844938627
pytorch_gpu,256,1800,138.5751917180005,3325.270521275732
pytorch_gpu,256,1800,133.8702591759993,3442.138700831123
pytorch_gpu,512,1800,137.17853819399895,6718.25208325712
pytorch_gpu,512,1800,141.92333668600077,6493.646651212831
pytorch_gpu,512,1800,139.9259459900004,6586.341035463579
pytorch_gpu,512,1800,135.50167780399897,6801.391797768584
pytorch_gpu,512,1800,141.5009375089994,6513.031052825261
pytorch_gpu,1024,1800,145.31851339999957,12683.862206369124
pytorch_gpu,1024,1800,140.8061719039997,13090.335282012184
pytorch_gpu,1024,1800,138.38496232100078,13319.366274237753
pytorch_gpu,1024,1800,146.10308901200003,12615.749690607912
pytorch_gpu,1024,1800,141.89344145099858,12990.02956832596
pytorch_gpu,2048,1800,145.97160481299943,25254.22670198464
pytorch_gpu,2048,1800,145.1666325719998,25394.26543611265
pytorch_gpu,2048,1800,149.39130409500103,24676.13508250616
pytorch_gpu,2048,1800,145.50939265700072,25334.4470256274
pytorch_gpu,2048,1800,144.8120763549996,25456.440462623945
pytorch_gpu,4096,1800,140.67675053899984,52409.51309830004
pytorch_gpu,4096,1800,140.25738474399805,52566.216127992506
pytorch_gpu,4096,1800,136.67184951000309,53945.27129348887
pytorch_gpu,4096,1800,139.62639415800004,52803.76997816761
pytorch_gpu,4096,1800,138.40588542499972,53269.4110323453
pytorch_gpu,8192,1800,139.12450773699675,105988.51517861486
pytorch_gpu,8192,1800,139.8085016240002,105469.98092903316
pytorch_gpu,8192,1800,139.45805590799864,105735.0176294424
pytorch_gpu,8192,1800,137.58494603500003,107174.51599863904
pytorch_gpu,8192,1800,137.35833618900142,107351.32944323412
pytorch_gpu,16384,1800,144.4646667880006,204141.2662050979
pytorch_gpu,16384,1800,145.8144546259973,202251.5536998209
pytorch_gpu,16384,1800,145.19479093300106,203114.7247810596
pytorch_gpu,16384,1800,144.62504227300087,203914.892860194
pytorch_gpu,16384,1800,144.33355712399862,204326.70397407148
pytorch_gpu,32768,1800,158.12356123100108,373014.619331987
pytorch_gpu,32768,1800,157.08738604800237,375475.0873630064
pytorch_gpu,32768,1800,155.93279210000037,378255.26757819054
pytorch_gpu,32768,1800,157.57840032400054,374305.1070370365
pytorch_gpu,32768,1800,155.01224406999972,380501.5555633463
pytorch_gpu,65536,1800,170.07959017599933,693585.8669340004
pytorch_gpu,65536,1800,170.68680582099842,691118.4460485557
pytorch_gpu,65536,1800,168.3360126560001,700769.8361078848
pytorch_gpu,65536,1800,169.98773420399812,693960.6587051353
pytorch_gpu,65536,1800,169.51879912599907,695880.3425236614
pytorch_gpu,131072,1800,196.75291038499927,1199116.1886161745
pytorch_gpu,131072,1800,197.900192137,1192164.582825031
pytorch_gpu,131072,1800,196.96664864799823,1197814.9682672066
pytorch_gpu,131072,1800,196.3025813950008,1201867.0275418418
pytorch_gpu,131072,1800,197.47581344500213,1194726.563644248
pytorch_gpu,262144,1800,266.83419278100337,1768361.075026337
pytorch_gpu,262144,1800,268.6386978970004,1756482.6054246176
pytorch_gpu,262144,1800,267.9218985820007,1761181.9059858662
pytorch_gpu,262144,1800,269.0402063069996,1753861.2777510483
pytorch_gpu,262144,1800,267.8892856349994,1761396.3129638217
pytorch2_cpu,1,1800,4.400088267007959,409.0827026122347
pytorch2_cpu,1,1800,4.307363547006389,417.8890359164128
pytorch2_cpu,1,1800,4.308428758988157,417.7857174137733
pytorch2_cpu,1,1800,4.289667991004535,419.6128939989326
pytorch2_cpu,1,1800,4.237962313010939,424.73242257814144
pytorch2_cpu,2,1800,5.744626510000671,626.6725945947667
pytorch2_cpu,2,1800,5.731883806001861,628.0657671794457
pytorch2_cpu,2,1800,5.739698067001882,627.2106926140893
pytorch2_cpu,2,1800,5.728326067997841,628.4558450874408
pytorch2_cpu,2,1800,5.722821559000295,629.0603267785401
pytorch2_cpu,4,1800,7.34224454901414,980.6265579871975
pytorch2_cpu,4,1800,7.286936200005584,988.0695812863686
pytorch2_cpu,4,1800,7.248711288004415,993.28000715313
pytorch2_cpu,4,1800,7.318665294005768,983.7859378399284
pytorch2_cpu,4,1800,7.321748828995624,983.3716190162828
pytorch2_cpu,8,1800,10.016831369997815,1437.580355313812
pytorch2_cpu,8,1800,10.021522272989388,1436.907448563154
pytorch2_cpu,8,1800,10.0655179710011,1430.6268233275828
pytorch2_cpu,8,1800,9.951266283998848,1447.0520222290202
pytorch2_cpu,8,1800,9.99399623098725,1440.8650621011398
pytorch2_cpu,16,1800,12.037863920006204,2392.4510354479203
pytorch2_cpu,16,1800,12.015960727003405,2396.8120947064945
pytorch2_cpu,16,1800,12.027620872991974,2394.4885114121284
pytorch2_cpu,16,1800,12.023391471986542,2395.3308072103864
pytorch2_cpu,16,1800,12.01509415100736,2396.9849622514503
pytorch2_cpu,32,1800,13.971418084998732,4122.702480848796
pytorch2_cpu,32,1800,13.980434931989294,4120.043495084886
pytorch2_cpu,32,1800,13.985012240998913,4118.695000576258
pytorch2_cpu,32,1800,13.99518843999249,4115.7002098952025
pytorch2_cpu,32,1800,14.046073329009232,4100.790210246107
pytorch2_cpu,64,1800,14.97857866800041,7690.983407264691
pytorch2_cpu,64,1800,14.99636015399301,7681.864053480087
pytorch2_cpu,64,1800,14.961521923003602,7699.751441922361
pytorch2_cpu,64,1800,14.95340570899134,7703.930612324077
pytorch2_cpu,64,1800,14.909098898002412,7726.825127938148
pytorch2_cpu,128,1800,15.876560217002408,14511.959571271727
pytorch2_cpu,128,1800,15.87858900600986,14510.105394931268
pytorch2_cpu,128,1800,15.923984436987666,14468.740591383335
pytorch2_cpu,128,1800,15.828315684004338,14556.191865242865
pytorch2_cpu,128,1800,16.099586854004883,14310.926242351768
pytorch2_cpu,256,1800,17.42914803599706,26438.46957110542
pytorch2_cpu,256,1800,17.377834733997588,26516.537132126232
pytorch2_cpu,256,1800,17.589876266007195,26196.88694971128
pytorch2_cpu,256,1800,17.653007355998852,26103.20104145942
pytorch2_cpu,256,1800,17.562202467001043,26238.166930704287
pytorch2_cpu,512,1800,21.396342878986616,43072.78141934737
pytorch2_cpu,512,1800,21.43806422500348,42988.956014280746
pytorch2_cpu,512,1800,21.073609662998933,43732.42243440365
pytorch2_cpu,512,1800,21.887268605991267,42106.670164760886
pytorch2_cpu,512,1800,21.29300665599294,43281.81617980261
pytorch2_cpu,1024,1800,24.36559914500685,75647.63702425596
pytorch2_cpu,1024,1800,24.54386239500309,75098.20460757062
pytorch2_cpu,1024,1800,23.446803197992267,78611.9960335502
pytorch2_cpu,1024,1800,24.9986230749928,73732.06094074169
pytorch2_cpu,1024,1800,23.991545046999818,76827.06538445698
pytorch2_cpu,2048,1800,29.164207788009666,126401.51334800175
pytorch2_cpu,2048,1800,27.848084450000897,132375.35266092175
pytorch2_cpu,2048,1800,29.01476412100601,127052.55795380162
pytorch2_cpu,2048,1800,27.79324200400152,132636.55961651588
pytorch2_cpu,2048,1800,28.101164899009746,131183.17383810322
pytorch2_cpu,4096,1800,32.133573232000344,229442.2704493308
pytorch2_cpu,4096,1800,31.741250530001707,232278.18302342115
pytorch2_cpu,4096,1800,31.2781934300001,235716.9385917432
pytorch2_cpu,4096,1800,31.974027356001898,230587.15494018115
pytorch2_cpu,4096,1800,31.55292574300256,233664.5438223761
pytorch2_cpu,8192,1800,42.60255470999982,346120.08834622445
pytorch2_cpu,8192,1800,43.79786299300031,336673.9606075441
pytorch2_cpu,8192,1800,41.96657005399175,351365.38394796546
pytorch2_cpu,8192,1800,42.26774975699664,348861.7228211715
pytorch2_cpu,8192,1800,42.68663533999643,345438.3294104162
pytorch2_cpu,16384,1800,64.17234283201105,459562.4641163782
pytorch2_cpu,16384,1800,62.89619638200384,468886.8595627535
pytorch2_cpu,16384,1800,62.85935549499118,469161.6668317566
pytorch2_cpu,16384,1800,63.40248564600188,465142.6470037725
pytorch2_cpu,16384,1800,62.88843404500221,468944.7343989588
pytorch2_cpu,32768,1800,102.67078828699596,574480.8331959654
pytorch2_cpu,32768,1800,102.66435048400308,574516.8573310217
pytorch2_cpu,32768,1800,104.96242387399252,561938.2424972238
pytorch2_cpu,32768,1800,102.65629932298908,574561.91572251
pytorch2_cpu,32768,1800,101.15023118299725,583116.8086337958
pytorch2_cpu,65536,1800,175.23318413400557,673187.5619505328
pytorch2_cpu,65536,1800,174.166193062003,677311.6982467696
pytorch2_cpu,65536,1800,173.23080833199492,680968.9404318992
pytorch2_cpu,65536,1800,174.24300201100414,677013.1290124928
pytorch2_cpu,65536,1800,171.72633186500752,686934.8382327937
pytorch2_cpu,131072,1800,318.444387001,740881.6409731823
pytorch2_cpu,131072,1800,318.4843513300002,740788.6730219269
pytorch2_cpu,131072,1800,318.1356129240012,741600.7212507855
pytorch2_cpu,131072,1800,319.12301347299945,739306.1297347071
pytorch2_cpu,131072,1800,313.0075729569944,753750.4532914783
pytorch2_cpu,262144,1800,571.193061886006,826094.0678130466
pytorch2_cpu,262144,1800,571.6621837040002,825416.1521454129
pytorch2_cpu,262144,1800,575.8444558179908,819421.2781465802
pytorch2_cpu,262144,1800,574.9133225969999,820748.4179850215
pytorch2_cpu,262144,1800,590.8241550590028,798645.7492633788
pytorch2_gpu,1,1800,15.94206550299714,112.90883227531567
pytorch2_gpu,1,1800,16.310851627000375,110.35597902321344
pytorch2_gpu,1,1800,16.63830386000336,108.18410429004128
pytorch2_gpu,1,1800,16.354109723004512,110.06407750022794
pytorch2_gpu,1,1800,16.59079568499874,108.49389228676628
pytorch2_gpu,2,1800,23.870703976994264,150.81247723022966
pytorch2_gpu,2,1800,23.873667384992583,150.79375706905526
pytorch2_gpu,2,1800,23.85895442198671,150.8867461803983
pytorch2_gpu,2,1800,24.08664168299584,149.46043734031426
pytorch2_gpu,2,1800,23.811501050993684,151.18744476840814
pytorch2_gpu,4,1800,34.92394901100488,206.1622526630997
pytorch2_gpu,4,1800,34.40603032799845,209.26564126582448
pytorch2_gpu,4,1800,34.00203898298787,211.75200709587887
pytorch2_gpu,4,1800,33.53859559900593,214.67804096762487
pytorch2_gpu,4,1800,34.58528302500781,208.18103453986043
pytorch2_gpu,8,1800,46.87455615900399,307.20290878389363
pytorch2_gpu,8,1800,46.77297354199982,307.8700991090402
pytorch2_gpu,8,1800,47.03777224800433,306.1369472192839
pytorch2_gpu,8,1800,47.31440800000564,304.3470394894993
pytorch2_gpu,8,1800,47.6876450139971,301.9650057320584
pytorch2_gpu,16,1800,62.90323686899501,457.8460733265622
pytorch2_gpu,16,1800,62.186873807004304,463.1202412486631
pytorch2_gpu,16,1800,63.27895166000235,455.1276410952939
pytorch2_gpu,16,1800,61.30309495401161,469.79683524306887
pytorch2_gpu,16,1800,61.840408317992114,465.7149068600313
pytorch2_gpu,32,1800,69.31224058198859,831.0220462699612
pytorch2_gpu,32,1800,70.6167194610025,815.6708558489343
pytorch2_gpu,32,1800,70.83006064299843,813.214043262206
pytorch2_gpu,32,1800,71.26472284500778,808.2540379097957
pytorch2_gpu,32,1800,71.01248314300028,811.1249945169344
pytorch2_gpu,64,1800,75.8948778060003,1517.8889976537023
pytorch2_gpu,64,1800,75.99141471499752,1515.960723090267
pytorch2_gpu,64,1800,76.133344175003,1513.134635662357
pytorch2_gpu,64,1800,76.66357682700618,1502.6692566139002
pytorch2_gpu,64,1800,76.34685671998886,1508.9029849979238
pytorch2_gpu,128,1800,79.14671356200415,2911.0494881067025
pytorch2_gpu,128,1800,79.01891833198897,2915.757452310353
pytorch2_gpu,128,1800,80.32049345198902,2868.508273517018
pytorch2_gpu,128,1800,77.86602053900424,2958.9286624014544
pytorch2_gpu,128,1800,78.50797356599651,2934.7337542258406
pytorch2_gpu,256,1800,81.27831115300069,5669.409138344134
pytorch2_gpu,256,1800,82.05491152399918,5615.751591728017
pytorch2_gpu,256,1800,83.18935373501154,5539.17033023019
pytorch2_gpu,256,1800,80.49691372500092,5724.44307087619
pytorch2_gpu,256,1800,82.25499534700066,5602.091375193331
pytorch2_gpu,512,1800,84.64829951600404,10887.40122683454
pytorch2_gpu,512,1800,83.21888268200564,11074.409680812463
pytorch2_gpu,512,1800,83.33773164599552,11058.616328973289
pytorch2_gpu,512,1800,83.51169676800782,11035.57987284306
pytorch2_gpu,512,1800,84.44599037199805,10913.484416965272
pytorch2_gpu,1024,1800,86.1130012509966,21404.43339824564
pytorch2_gpu,1024,1800,86.62602775001142,21277.66963203224
pytorch2_gpu,1024,1800,85.42600449100428,21576.568060070007
pytorch2_gpu,1024,1800,84.62475184399227,21780.861507257152
pytorch2_gpu,1024,1800,85.69637258499279,21508.494985268288
pytorch2_gpu,2048,1800,86.71675363699615,42510.81648456987
pytorch2_gpu,2048,1800,86.38801756499743,42672.58473927118
pytorch2_gpu,2048,1800,86.0011332550057,42864.55143642463
pytorch2_gpu,2048,1800,86.46544261500821,42634.37378576645
pytorch2_gpu,2048,1800,86.17202883299615,42779.54285078222
pytorch2_gpu,4096,1800,86.54887200899248,85186.55216250493
pytorch2_gpu,4096,1800,86.10284779701033,85627.82984114028
pytorch2_gpu,4096,1800,85.32377746200655,86409.67640330976
pytorch2_gpu,4096,1800,86.23776608100161,85493.86579743797
pytorch2_gpu,4096,1800,85.770353297994,85959.77183846384
pytorch2_gpu,8192,1800,91.91151503000584,160432.563810814
pytorch2_gpu,8192,1800,92.36260207899612,159649.0318385394
pytorch2_gpu,8192,1800,92.6587390479981,159138.79415477088
pytorch2_gpu,8192,1800,92.08272734298951,160134.2664957742
pytorch2_gpu,8192,1800,91.61931503099912,160944.2287907399
pytorch2_gpu,16384,1800,96.46908037899992,305706.24166973867
pytorch2_gpu,16384,1800,95.064493398997,310223.08062193025
pytorch2_gpu,16384,1800,97.37409019199548,302864.96070824686
pytorch2_gpu,16384,1800,95.83289761500782,307735.66002851987
pytorch2_gpu,16384,1800,97.65522256400436,301993.0652523077
pytorch2_gpu,32768,1800,107.33052036700246,549539.8680479468
pytorch2_gpu,32768,1800,106.15316523799264,555634.8684258541
pytorch2_gpu,32768,1800,106.64355141900889,553079.8554171798
pytorch2_gpu,32768,1800,109.62559551699088,538034.9335558075
pytorch2_gpu,32768,1800,108.85437914900832,541846.8274873933
pytorch2_gpu,65536,1800,133.38201822600968,884413.0683351491
pytorch2_gpu,65536,1800,131.8279358540021,894839.164671778
pytorch2_gpu,65536,1800,132.45100192299287,890629.7293891732
pytorch2_gpu,65536,1800,132.02674860600382,893491.6692679626
pytorch2_gpu,65536,1800,133.16272867801308,885869.5009565206
pytorch2_gpu,131072,1800,177.21236540799146,1331338.247513515
pytorch2_gpu,131072,1800,177.93092226098815,1325961.766521615
pytorch2_gpu,131072,1800,177.60673195699928,1328382.0798927902
pytorch2_gpu,131072,1800,177.04675955300627,1332583.5536084168
pytorch2_gpu,131072,1800,178.24214603099972,1323646.5406950796
pytorch2_gpu,262144,1800,274.3849625020084,1719697.7403473638
pytorch2_gpu,262144,1800,280.17415459500626,1684163.911129047
pytorch2_gpu,262144,1800,320.3605895340006,1472900.273677142
pytorch2_gpu,262144,1800,350.3062276529963,1346990.6120750178
pytorch2_gpu,262144,1800,349.8702284930041,1348669.1966688305
jax,1,1800,469.23168084200006,3.836058121161041
jax,1,1800,456.1895206730114,3.945728515079609
jax,1,1800,453.73686409098445,3.967056993718411
jax,1,1800,455.80578048800817,3.949050400529873
jax,1,1800,453.7810855640273,3.9666703995885806
jax,2,1800,715.4987381029932,5.031455414645042
jax,2,1800,665.7065235449991,5.407788376219291
jax,2,1800,664.0371230939927,5.421383646785105
jax,2,1800,680.8083963140089,5.287831377360943
jax,2,1800,736.8002256049949,4.885991989272261
jax,4,1800,1071.1960336670163,6.721458793450067
jax,4,1800,1050.7913821180118,6.851978539724439
jax,4,1800,1050.2738714250154,6.8553547754463455
jax,4,1800,1051.3994947919855,6.848015464782477
jax,4,1800,1051.394834678009,6.848045817349873
jax,8,1800,1498.3551791580103,9.610538409252188
jax,8,1800,1473.1323468380142,9.775089136362183
jax,8,1800,1470.322484275006,9.793769838934637
jax,8,1800,1476.6723587949818,9.751655412410456
jax,8,1800,1469.1327835310076,9.801700813857083
jax,16,1800,1908.0089909310043,15.094268495007022
jax,16,1800,1892.29834170299,15.219587400832998
jax,16,1800,1870.4603592140195,15.39727899505016
jax,16,1800,1874.6329402500123,15.363007542244008
jax,16,1800,1874.3971439730085,15.36494018495726
jax,32,1800,2421.3055046049994,23.788819663793973
jax,32,1800,2344.7443148159946,24.565578274798035
jax,32,1800,2339.160565160011,24.62421813102849
jax,32,1800,2327.67323416,24.74574143599088
jax,32,1800,2345.023201053991,24.56265676779282
cupy,1,1800,127.37728793999996,14.13124764320524
cupy,1,1800,130.58476678799997,13.784149899522662
cupy,1,1800,132.376034075,13.597627490336944
cupy,1,1800,134.02581263000002,13.430248731035055
cupy,1,1800,133.66919784799995,13.466079163928589
cupy,2,1800,143.41188972400005,25.102521185156228
cupy,2,1800,143.592356936,25.07097227747673
cupy,2,1800,142.11291480600016,25.33196933518954
cupy,2,1800,142.137428301,25.32760049926042
cupy,2,1800,143.03655283600006,25.16839177554576
cupy,4,1800,162.51471444799995,44.30368058951237
cupy,4,1800,162.82899260199997,44.218169534456514
cupy,4,1800,162.69691612600013,44.25406560517706
cupy,4,1800,162.099255652,44.41723048659271
cupy,4,1800,161.9517370110002,44.45768926523435
cupy,8,1800,184.54764091800007,78.0286322185952
cupy,8,1800,183.10909804,78.64164126270963
cupy,8,1800,183.0180910670001,78.68074634615428
cupy,8,1800,183.4129976889999,78.51133878972435
cupy,8,1800,182.97811850800008,78.69793458046958
cupy,16,1800,207.8121301389997,138.5867128195861
cupy,16,1800,207.027130338,139.1122021204664
cupy,16,1800,206.674615856,139.34947879649783
cupy,16,1800,207.9197897150002,138.51495348026629
cupy,16,1800,207.93943228199987,138.50186895260197
cupy,32,1800,229.81853306999983,250.6325283281473
cupy,32,1800,229.68692837199976,250.7761343157993
cupy,32,1800,230.40953799899944,249.9896510371464
cupy,32,1800,230.741485173,249.6300132454032
cupy,32,1800,230.38041021400025,250.0212580856827
cupy,64,1800,242.15350719700007,475.7312885263349
cupy,64,1800,241.6406796930005,476.74092022236994
cupy,64,1800,242.14388073900045,475.750201278762
cupy,64,1800,241.7281371030004,476.5684350221641
cupy,64,1800,241.19524631399963,477.6213534906367
cupy,128,1800,252.1409362459999,913.7746667808497
cupy,128,1800,250.651727339,919.2037192242842
cupy,128,1800,250.9878820389995,917.972605403314
cupy,128,1800,252.69709063900063,911.7635641050812
cupy,128,1800,251.4649213530001,916.2311735582804
cupy,256,1800,256.5408247790001,1796.2053423542284
cupy,256,1800,257.6270664189997,1788.631941531189
cupy,256,1800,257.29300820200115,1790.954224602268
cupy,256,1800,256.9885120519993,1793.0762597931273
cupy,256,1800,258.1745529769996,1784.838957544557
cupy,512,1800,261.68516201500097,3521.7892864218634
cupy,512,1800,262.2992384520003,3513.544322274688
cupy,512,1800,261.4250352050003,3525.293586657888
cupy,512,1800,264.82333070800087,3480.0559208137643
cupy,512,1800,263.0418041030007,3503.625604845396
cupy,1024,1800,272.3344348940009,6768.148878115314
cupy,1024,1800,272.0259243749988,6775.824783005144
cupy,1024,1800,272.92795279099846,6753.4306440626015
cupy,1024,1800,271.3517743309985,6792.658734383804
cupy,1024,1800,272.31259767200027,6768.691627774522
cupy,2048,1800,273.28036067500034,13489.443554943433
cupy,2048,1800,273.7142183929991,13468.061767646515
cupy,2048,1800,276.6693761730003,13324.206860158272
cupy,2048,1800,276.1692578359998,13348.335831749708
cupy,2048,1800,275.0663442619989,13401.8576859724
cupy,4096,1800,278.6771896579994,26456.417222550976
cupy,4096,1800,279.0529524490012,26420.791951116986
cupy,4096,1800,278.82947641400096,26441.96766719528
cupy,4096,1800,276.700576747,26645.408862813063
cupy,4096,1800,278.0368646860006,26517.34692925138
cupy,8192,1800,280.8837384929993,52497.165122884166
cupy,8192,1800,278.6309062909986,52921.62379359266
cupy,8192,1800,277.4482692699985,53147.20484217667
cupy,8192,1800,278.3251490830007,52979.76143579696
cupy,8192,1800,275.4127383340001,53540.00722405814
cupy,16384,1800,276.5103426450005,106654.9616838834
cupy,16384,1800,275.37292797899863,107095.4948855726
cupy,16384,1800,275.6552204090003,106985.82075188986
cupy,16384,1800,273.7819307919999,107717.84651634048
cupy,16384,1800,276.137617907003,106798.92230377674
cupy,32768,1800,279.9824289559984,210664.64856360533
cupy,32768,1800,277.60399794299883,212469.5625317004
cupy,32768,1800,278.0247038020025,212148.0544477256
cupy,32768,1800,278.548079442,211749.44059264808
cupy,32768,1800,275.03364940999745,214455.2134858012
cupy,65536,1800,291.2408852990011,405042.03205841786
cupy,65536,1800,291.4809265359981,404708.4706430396
cupy,65536,1800,291.4926708719977,404692.1648050682
cupy,65536,1800,291.7239428690009,404371.3342136346
cupy,65536,1800,290.9949486680016,405384.35646381945
cupy,131072,1800,276.9689397740003,851826.9239594614
cupy,131072,1800,277.51835349199973,850140.5295588904
cupy,131072,1800,279.41172658199866,844379.736262651
cupy,131072,1800,278.6982313749977,846541.4324160131
cupy,131072,1800,277.40387623199786,850491.3601232012
cupy,262144,1800,286.4942865400008,1647010.8556043345
cupy,262144,1800,285.5173886429984,1652646.104122216
cupy,262144,1800,282.71374789499896,1669035.211457953
cupy,262144,1800,280.19056598399766,1684065.2658767567
cupy,262144,1800,279.35867537300146,1689080.1739733715
cupy2,1,1800,39.01572614700126,46.135242830495095
cupy2,1,1800,40.31703666600151,44.64613842807304
cupy2,1,1800,40.09716559300068,44.89095359683493
cupy2,1,1800,40.49244383000041,44.4527380850844
cupy2,1,1800,40.96492610800124,43.9400279950322
cupy2,2,1800,53.43765130199972,67.36823030740653
cupy2,2,1800,52.71475442799783,68.29207570182609
cupy2,2,1800,53.28423206599837,67.56220105679678
cupy2,2,1800,53.67709450400071,67.06771357998302
cupy2,2,1800,53.43914528900132,67.36634690789003
cupy2,4,1800,76.029215999999,94.7004372634869
cupy2,4,1800,76.00871690400163,94.72597740458558
cupy2,4,1800,75.46867153099811,95.40382590466908
cupy2,4,1800,74.94782381700134,96.06683200809276
cupy2,4,1800,75.39852634199997,95.49258253857032
cupy2,8,1800,99.72878163900168,144.3916165758961
cupy2,8,1800,99.47306791699884,144.76280164612476
cupy2,8,1800,101.44644304600295,141.9468200917604
cupy2,8,1800,100.48214032599935,143.30904928260227
cupy2,8,1800,99.75839634599834,144.34875185899713
cupy2,16,1800,126.40305193300082,227.8425999972316
cupy2,16,1800,125.6443374720002,229.21844771888803
cupy2,16,1800,125.52644440800212,229.4337271785581
cupy2,16,1800,125.80034595800316,228.93418758653107
cupy2,16,1800,127.17131934399733,226.4661572165989
cupy2,32,1800,150.04648146399995,383.8810443137231
cupy2,32,1800,152.6700334849993,377.2842560204163
cupy2,32,1800,153.07954510000127,376.2749618988744
cupy2,32,1800,148.86310512899945,386.9326785175272
cupy2,32,1800,148.33799873900352,388.302393787485
cupy2,64,1800,160.27513755999826,718.7640064066419
cupy2,64,1800,160.12742548999813,719.4270416044103
cupy2,64,1800,160.27401243499844,718.7690521363912
cupy2,64,1800,160.88255832900177,716.0502741659428
cupy2,64,1800,162.57044287100143,708.6158957653233
cupy2,128,1800,170.6684499639996,1349.9858939868502
cupy2,128,1800,165.27303673799906,1394.0567956359644
cupy2,128,1800,166.3221245380009,1385.2636902035165
cupy2,128,1800,165.13396863199887,1395.2308050770978
cupy2,128,1800,166.85846618099822,1380.8109667631468
cupy2,256,1800,172.27856441499898,2674.737867503856
cupy2,256,1800,171.2695128760024,2690.496354325566
cupy2,256,1800,173.1420706229983,2661.398228298607
cupy2,256,1800,169.5042526690013,2718.5158646127024
cupy2,256,1800,171.81444661899877,2681.9630657824205
cupy2,512,1800,174.7499407840005,5273.821529582908
cupy2,512,1800,176.511063527003,5221.202465073879
cupy2,512,1800,176.3677005589998,5225.446592992801
cupy2,512,1800,177.13248786599434,5202.8852025000415
cupy2,512,1800,176.47345153999777,5222.315265880767
cupy2,1024,1800,186.77760251900327,9868.420919539683
cupy2,1024,1800,185.348654887006,9944.501626535512
cupy2,1024,1800,188.4402378180021,9781.350423576654
cupy2,1024,1800,186.5110354360004,9882.525158316854
cupy2,1024,1800,189.547382468998,9724.21763883482
cupy2,2048,1800,187.7201680040016,19637.740788306863
cupy2,2048,1800,189.9270795239936,19409.554494488475
cupy2,2048,1800,192.23206196200044,19176.82181824961
cupy2,2048,1800,187.15260518500145,19697.29460274396
cupy2,2048,1800,192.9667152269976,19103.812777574
cupy2,4096,1800,194.0687149410005,37990.66738933903
cupy2,4096,1800,194.0919607280012,37986.11736594377
cupy2,4096,1800,193.50773382199984,38100.80276575379
cupy2,4096,1800,193.474546630001,38107.33829551066
cupy2,4096,1800,194.6880700000038,37869.80886913028
cupy2,8192,1800,194.89761575999728,75658.18567097388
cupy2,8192,1800,196.743942684996,74948.17781307237
cupy2,8192,1800,196.1720954870034,75166.65386783775
cupy2,8192,1800,196.3553455910005,75096.50402242897
cupy2,8192,1800,196.0967798619968,75195.52340623454
cupy2,16384,1800,198.0982583270016,148871.576403861
cupy2,16384,1800,197.7317335100015,149147.53174157703
cupy2,16384,1800,197.67420936199773,149190.9343924235
cupy2,16384,1800,198.64103576000343,148464.79171419062
cupy2,16384,1800,196.4185758770036,150144.6585096272
cupy2,32768,1800,203.2715958819972,290165.47906791826
cupy2,32768,1800,202.713215156,290964.75015015434
cupy2,32768,1800,201.4686322430061,292762.19996796816
cupy2,32768,1800,202.23801945499872,291648.42574580567
cupy2,32768,1800,202.2745602719952,291595.7395763826
cupy2,65536,1800,201.3587757610003,585843.8478987204
cupy2,65536,1800,203.0995365799972,580822.5955923627
cupy2,65536,1800,201.4705800270021,585518.7391836055
cupy2,65536,1800,201.61979296299967,585085.4138197051
cupy2,65536,1800,201.5374457700018,585324.4767953623
cupy2,131072,1800,203.3714849519965,1160091.8391075742
cupy2,131072,1800,203.75592239399705,1157903.0303903983
cupy2,131072,1800,203.64592739699583,1158528.4469748763
cupy2,131072,1800,203.3855145960042,1160011.8153381762
cupy2,131072,1800,204.36071679199813,1154476.2795098885
cupy2,262144,1800,242.39597312499973,1946646.2000862933
cupy2,262144,1800,275.0090683419985,1715795.056667734
cupy2,262144,1800,275.8907375679992,1710311.8580909234
cupy2,262144,1800,272.02651568400324,1734607.3738933976
cupy2,262144,1800,227.6147161580011,2073061.0391309413
